TIMESTEP,Month,MEAN(mm),month
1970-01-15T00:00:00Z,1,205.40778,1970/1/15
1970-02-15T00:00:00Z,2,90.881584,1970/2/15
1970-03-15T00:00:00Z,3,51.604965,1970/3/15
1970-04-15T00:00:00Z,4,57.67249,1970/4/15
1970-05-15T00:00:00Z,5,22.267174,1970/5/15
1970-06-15T00:00:00Z,6,12.394253,1970/6/15
1970-07-15T00:00:00Z,7,4.5755544,1970/7/15
1970-08-15T00:00:00Z,8,8.4393425,1970/8/15
1970-09-15T00:00:00Z,9,5.3606133,1970/9/15
1970-10-15T00:00:00Z,10,13.876542,1970/10/15
1970-11-15T00:00:00Z,11,57.65376,1970/11/15
1970-12-15T00:00:00Z,12,2.1073465,1970/12/15
1971-01-15T00:00:00Z,1,103.736176,1971/1/15
1971-02-15T00:00:00Z,2,162.43031,1971/2/15
1971-03-15T00:00:00Z,3,90.39179,1971/3/15
1971-04-15T00:00:00Z,4,39.32315,1971/4/15
1971-05-15T00:00:00Z,5,12.43559,1971/5/15
1971-06-15T00:00:00Z,6,7.962562,1971/6/15
1971-07-15T00:00:00Z,7,2.6244392,1971/7/15
1971-08-15T00:00:00Z,8,3.527219,1971/8/15
1971-09-15T00:00:00Z,9,7.914383,1971/9/15
1971-10-15T00:00:00Z,10,32.404655,1971/10/15
1971-11-15T00:00:00Z,11,166.62495,1971/11/15
1971-12-15T00:00:00Z,12,102.9455,1971/12/15
1972-01-15T00:00:00Z,1,74.12237,1972/1/15
1972-02-15T00:00:00Z,2,14.29947,1972/2/15
1972-03-14T00:00:00Z,3,82.88502,1972/3/14
1972-04-14T00:00:00Z,4,23.600742,1972/4/14
1972-05-14T00:00:00Z,5,18.370396,1972/5/14
1972-06-14T00:00:00Z,6,4.5365376,1972/6/14
1972-07-14T00:00:00Z,7,5.0212297,1972/7/14
1972-08-14T00:00:00Z,8,1.5376309,1972/8/14
1972-09-14T00:00:00Z,9,3.0921085,1972/9/14
1972-10-14T00:00:00Z,10,56.00136,1972/10/14
1972-11-14T00:00:00Z,11,175.27135,1972/11/14
1972-12-14T00:00:00Z,12,111.88698,1972/12/14
1973-01-14T00:00:00Z,1,211.96523,1973/1/14
1973-02-14T00:00:00Z,2,186.36647,1973/2/14
1973-03-14T00:00:00Z,3,147.50673,1973/3/14
1973-04-14T00:00:00Z,4,19.264803,1973/4/14
1973-05-14T00:00:00Z,5,8.813456,1973/5/14
1973-06-14T00:00:00Z,6,5.979001,1973/6/14
1973-07-14T00:00:00Z,7,3.8383613,1973/7/14
1973-08-14T00:00:00Z,8,2.2333195,1973/8/14
1973-09-14T00:00:00Z,9,4.85035,1973/9/14
1973-10-14T00:00:00Z,10,20.760603,1973/10/14
1973-11-14T00:00:00Z,11,64.804054,1973/11/14
1973-12-14T00:00:00Z,12,103.55762,1973/12/14
1974-01-14T00:00:00Z,1,51.398544,1974/1/14
1974-02-14T00:00:00Z,2,188.19643,1974/2/14
1974-03-14T00:00:00Z,3,75.95264,1974/3/14
1974-04-14T00:00:00Z,4,42.262665,1974/4/14
1974-05-14T00:00:00Z,5,25.109865,1974/5/14
1974-06-14T00:00:00Z,6,9.12287,1974/6/14
1974-07-14T00:00:00Z,7,3.8433807,1974/7/14
1974-08-14T00:00:00Z,8,17.601944,1974/8/14
1974-09-14T00:00:00Z,9,6.5309944,1974/9/14
1974-10-14T00:00:00Z,10,181.13025,1974/10/14
1974-11-14T00:00:00Z,11,73.95423,1974/11/14
1974-12-14T00:00:00Z,12,155.73709,1974/12/14
1975-01-14T00:00:00Z,1,69.01286,1975/1/14
1975-02-14T00:00:00Z,2,57.195038,1975/2/14
1975-03-14T00:00:00Z,3,84.61449,1975/3/14
1975-04-14T00:00:00Z,4,75.41283,1975/4/14
1975-05-14T00:00:00Z,5,13.99487,1975/5/14
1975-06-14T00:00:00Z,6,3.992358,1975/6/14
1975-07-14T00:00:00Z,7,9.235687,1975/7/14
1975-08-14T00:00:00Z,8,20.146105,1975/8/14
1975-09-14T00:00:00Z,9,12.003427,1975/9/14
1975-10-14T00:00:00Z,10,29.971766,1975/10/14
1975-11-14T00:00:00Z,11,29.532085,1975/11/14
1975-12-14T00:00:00Z,12,11.286328,1975/12/14
1976-01-14T00:00:00Z,1,64.81985,1976/1/14
1976-02-14T00:00:00Z,2,83.64218,1976/2/14
1976-03-13T00:00:00Z,3,94.521095,1976/3/13
1976-04-13T00:00:00Z,4,7.7289333,1976/4/13
1976-05-13T00:00:00Z,5,12.218726,1976/5/13
1976-06-13T00:00:00Z,6,18.32639,1976/6/13
1976-07-13T00:00:00Z,7,4.3286214,1976/7/13
1976-08-13T00:00:00Z,8,4.500102,1976/8/13
1976-09-13T00:00:00Z,9,2.8250904,1976/9/13
1976-10-13T00:00:00Z,10,25.910698,1976/10/13
1976-11-13T00:00:00Z,11,166.69559,1976/11/13
1976-12-13T00:00:00Z,12,20.34436,1976/12/13
1977-01-13T00:00:00Z,1,178.1878,1977/1/13
1977-02-13T00:00:00Z,2,57.25346,1977/2/13
1977-03-13T00:00:00Z,3,65.19511,1977/3/13
1977-04-13T00:00:00Z,4,41.156136,1977/4/13
1977-05-13T00:00:00Z,5,10.331526,1977/5/13
1977-06-13T00:00:00Z,6,8.856836,1977/6/13
1977-07-13T00:00:00Z,7,3.9698105,1977/7/13
1977-08-13T00:00:00Z,8,2.0341203,1977/8/13
1977-09-13T00:00:00Z,9,14.607411,1977/9/13
1977-10-13T00:00:00Z,10,10.281748,1977/10/13
1977-11-13T00:00:00Z,11,75.75129,1977/11/13
1977-12-13T00:00:00Z,12,20.563835,1977/12/13
1978-01-13T00:00:00Z,1,55.45689,1978/1/13
1978-02-13T00:00:00Z,2,80.05294,1978/2/13
1978-03-13T00:00:00Z,3,111.36479,1978/3/13
1978-04-13T00:00:00Z,4,72.94683,1978/4/13
1978-05-13T00:00:00Z,5,57.01568,1978/5/13
1978-06-13T00:00:00Z,6,31.798334,1978/6/13
1978-07-13T00:00:00Z,7,6.3366375,1978/7/13
1978-08-13T00:00:00Z,8,3.477914,1978/8/13
1978-09-13T00:00:00Z,9,36.286263,1978/9/13
1978-10-13T00:00:00Z,10,19.73948,1978/10/13
1978-11-13T00:00:00Z,11,61.269707,1978/11/13
1978-12-13T00:00:00Z,12,96.433525,1978/12/13
1979-01-13T00:00:00Z,1,107.65087,1979/1/13
1979-02-13T00:00:00Z,2,48.83829,1979/2/13
1979-03-13T00:00:00Z,3,84.382416,1979/3/13
1979-04-13T00:00:00Z,4,81.763,1979/4/13
1979-05-13T00:00:00Z,5,75.42622,1979/5/13
1979-06-13T00:00:00Z,6,8.238618,1979/6/13
1979-07-13T00:00:00Z,7,6.9269986,1979/7/13
1979-08-13T00:00:00Z,8,6.0279922,1979/8/13
1979-09-13T00:00:00Z,9,8.6212845,1979/9/13
1979-10-13T00:00:00Z,10,2.5579453,1979/10/13
1979-11-13T00:00:00Z,11,51.41033,1979/11/13
1979-12-13T00:00:00Z,12,133.82599,1979/12/13
1980-01-13T00:00:00Z,1,106.505066,1980/1/13
1980-02-13T00:00:00Z,2,92.3391,1980/2/13
1980-03-12T00:00:00Z,3,217.6438,1980/3/12
1980-04-12T00:00:00Z,4,101.39608,1980/4/12
1980-05-12T00:00:00Z,5,36.98877,1980/5/12
1980-06-12T00:00:00Z,6,3.0169015,1980/6/12
1980-07-12T00:00:00Z,7,11.577005,1980/7/12
1980-08-12T00:00:00Z,8,2.5434034,1980/8/12
1980-09-12T00:00:00Z,9,8.578193,1980/9/12
1980-10-12T00:00:00Z,10,34.00656,1980/10/12
1980-11-12T00:00:00Z,11,25.122139,1980/11/12
1980-12-12T00:00:00Z,12,114.19421,1980/12/12
1981-01-12T00:00:00Z,1,74.62837,1981/1/12
1981-02-12T00:00:00Z,2,51.475586,1981/2/12
1981-03-12T00:00:00Z,3,21.69323,1981/3/12
1981-04-12T00:00:00Z,4,70.21119,1981/4/12
1981-05-12T00:00:00Z,5,2.8727014,1981/5/12
1981-06-12T00:00:00Z,6,4.8172145,1981/6/12
1981-07-12T00:00:00Z,7,2.2388916,1981/7/12
1981-08-12T00:00:00Z,8,7.8668976,1981/8/12
1981-09-12T00:00:00Z,9,2.3000398,1981/9/12
1981-10-12T00:00:00Z,10,74.15789,1981/10/12
1981-11-12T00:00:00Z,11,42.855537,1981/11/12
1981-12-12T00:00:00Z,12,183.03198,1981/12/12
1982-01-12T00:00:00Z,1,40.63757,1982/1/12
1982-02-12T00:00:00Z,2,31.414486,1982/2/12
1982-03-12T00:00:00Z,3,77.69808,1982/3/12
1982-04-12T00:00:00Z,4,68.05625,1982/4/12
1982-05-12T00:00:00Z,5,18.863111,1982/5/12
1982-06-12T00:00:00Z,6,5.1024585,1982/6/12
1982-07-12T00:00:00Z,7,3.5472667,1982/7/12
1982-08-12T00:00:00Z,8,4.024958,1982/8/12
1982-09-12T00:00:00Z,9,5.819976,1982/9/12
1982-10-12T00:00:00Z,10,26.921036,1982/10/12
1982-11-12T00:00:00Z,11,35.37735,1982/11/12
1982-12-12T00:00:00Z,12,151.74843,1982/12/12
1983-01-12T00:00:00Z,1,79.99182,1983/1/12
1983-02-12T00:00:00Z,2,87.13408,1983/2/12
1983-03-12T00:00:00Z,3,116.196724,1983/3/12
1983-04-12T00:00:00Z,4,14.905507,1983/4/12
1983-05-12T00:00:00Z,5,19.091862,1983/5/12
1983-06-12T00:00:00Z,6,25.244238,1983/6/12
1983-07-12T00:00:00Z,7,28.889704,1983/7/12
1983-08-12T00:00:00Z,8,7.0088296,1983/8/12
1983-09-12T00:00:00Z,9,7.711951,1983/9/12
1983-10-12T00:00:00Z,10,20.482466,1983/10/12
1983-11-12T00:00:00Z,11,34.064995,1983/11/12
1983-12-12T00:00:00Z,12,190.47023,1983/12/12
1984-01-12T00:00:00Z,1,282.19653,1984/1/12
1984-02-12T00:00:00Z,2,62.092068,1984/2/12
1984-03-11T00:00:00Z,3,91.4283,1984/3/11
1984-04-11T00:00:00Z,4,35.54597,1984/4/11
1984-05-11T00:00:00Z,5,63.35158,1984/5/11
1984-06-11T00:00:00Z,6,27.243393,1984/6/11
1984-07-11T00:00:00Z,7,38.536938,1984/7/11
1984-08-11T00:00:00Z,8,4.0835285,1984/8/11
1984-09-11T00:00:00Z,9,22.119835,1984/9/11
1984-10-11T00:00:00Z,10,24.113655,1984/10/11
1984-11-11T00:00:00Z,11,108.55226,1984/11/11
1984-12-11T00:00:00Z,12,117.054886,1984/12/11
1985-01-11T00:00:00Z,1,16.125698,1985/1/11
1985-02-11T00:00:00Z,2,71.870094,1985/2/11
1985-03-11T00:00:00Z,3,94.74561,1985/3/11
1985-04-11T00:00:00Z,4,64.98189,1985/4/11
1985-05-11T00:00:00Z,5,16.607353,1985/5/11
1985-06-11T00:00:00Z,6,15.852069,1985/6/11
1985-07-11T00:00:00Z,7,5.644225,1985/7/11
1985-08-11T00:00:00Z,8,5.0900097,1985/8/11
1985-09-11T00:00:00Z,9,6.5256596,1985/9/11
1985-10-11T00:00:00Z,10,32.677433,1985/10/11
1985-11-11T00:00:00Z,11,84.4611,1985/11/11
1985-12-11T00:00:00Z,12,55.95133,1985/12/11
1986-01-11T00:00:00Z,1,93.547356,1986/1/11
1986-02-11T00:00:00Z,2,179.45752,1986/2/11
1986-03-11T00:00:00Z,3,33.297634,1986/3/11
1986-04-11T00:00:00Z,4,42.071102,1986/4/11
1986-05-11T00:00:00Z,5,3.076998,1986/5/11
1986-06-11T00:00:00Z,6,8.169975,1986/6/11
1986-07-11T00:00:00Z,7,2.1320264,1986/7/11
1986-08-11T00:00:00Z,8,2.22443,1986/8/11
1986-09-11T00:00:00Z,9,2.6751926,1986/9/11
1986-10-11T00:00:00Z,10,14.224394,1986/10/11
1986-11-11T00:00:00Z,11,30.286108,1986/11/11
1986-12-11T00:00:00Z,12,65.78013,1986/12/11
1987-01-11T00:00:00Z,1,134.58716,1987/1/11
1987-02-11T00:00:00Z,2,86.89991,1987/2/11
1987-03-11T00:00:00Z,3,122.23837,1987/3/11
1987-04-11T00:00:00Z,4,15.187916,1987/4/11
1987-05-11T00:00:00Z,5,45.210728,1987/5/11
1987-06-11T00:00:00Z,6,4.1263824,1987/6/11
1987-07-11T00:00:00Z,7,2.718412,1987/7/11
1987-08-11T00:00:00Z,8,2.4723334,1987/8/11
1987-09-11T00:00:00Z,9,25.026125,1987/9/11
1987-10-11T00:00:00Z,10,6.666883,1987/10/11
1987-11-11T00:00:00Z,11,20.660566,1987/11/11
1987-12-11T00:00:00Z,12,175.64758,1987/12/11
1988-01-11T00:00:00Z,1,318.00464,1988/1/11
1988-02-11T00:00:00Z,2,212.55424,1988/2/11
1988-03-10T00:00:00Z,3,70.225075,1988/3/10
1988-04-10T00:00:00Z,4,39.498314,1988/4/10
1988-05-10T00:00:00Z,5,49.072327,1988/5/10
1988-06-10T00:00:00Z,6,5.952372,1988/6/10
1988-07-10T00:00:00Z,7,3.7580514,1988/7/10
1988-08-10T00:00:00Z,8,3.4356067,1988/8/10
1988-09-10T00:00:00Z,9,4.8168674,1988/9/10
1988-10-10T00:00:00Z,10,21.751413,1988/10/10
1988-11-10T00:00:00Z,11,222.00995,1988/11/10
1988-12-10T00:00:00Z,12,44.368404,1988/12/10
1989-01-10T00:00:00Z,1,1.830187,1989/1/10
1989-02-10T00:00:00Z,2,171.51944,1989/2/10
1989-03-10T00:00:00Z,3,126.14729,1989/3/10
1989-04-10T00:00:00Z,4,29.066652,1989/4/10
1989-05-10T00:00:00Z,5,18.442116,1989/5/10
1989-06-10T00:00:00Z,6,3.9571688,1989/6/10
1989-07-10T00:00:00Z,7,3.131395,1989/7/10
1989-08-10T00:00:00Z,8,10.821773,1989/8/10
1989-09-10T00:00:00Z,9,6.890375,1989/9/10
1989-10-10T00:00:00Z,10,63.179283,1989/10/10
1989-11-10T00:00:00Z,11,96.41265,1989/11/10
1989-12-10T00:00:00Z,12,62.10177,1989/12/10
1990-01-10T00:00:00Z,1,20.597963,1990/1/10
1990-02-10T00:00:00Z,2,30.377192,1990/2/10
1990-03-10T00:00:00Z,3,189.1625,1990/3/10
1990-04-10T00:00:00Z,4,64.45612,1990/4/10
1990-05-10T00:00:00Z,5,24.945316,1990/5/10
1990-06-10T00:00:00Z,6,6.88038,1990/6/10
1990-07-10T00:00:00Z,7,3.045796,1990/7/10
1990-08-10T00:00:00Z,8,14.08945,1990/8/10
1990-09-10T00:00:00Z,9,30.166826,1990/9/10
1990-10-10T00:00:00Z,10,70.21397,1990/10/10
1990-11-10T00:00:00Z,11,17.24773,1990/11/10
1990-12-10T00:00:00Z,12,35.526962,1990/12/10
1991-01-10T00:00:00Z,1,142.76923,1991/1/10
1991-02-10T00:00:00Z,2,23.177214,1991/2/10
1991-03-10T00:00:00Z,3,198.77576,1991/3/10
1991-04-10T00:00:00Z,4,7.073574,1991/4/10
1991-05-10T00:00:00Z,5,23.151924,1991/5/10
1991-06-10T00:00:00Z,6,6.8295617,1991/6/10
1991-07-10T00:00:00Z,7,5.1028996,1991/7/10
1991-08-10T00:00:00Z,8,2.0628245,1991/8/10
1991-09-10T00:00:00Z,9,25.802162,1991/9/10
1991-10-10T00:00:00Z,10,33.97639,1991/10/10
1991-11-10T00:00:00Z,11,84.32315,1991/11/10
1991-12-10T00:00:00Z,12,104.97036,1991/12/10
1992-01-10T00:00:00Z,1,151.19995,1992/1/10
1992-02-10T00:00:00Z,2,120.51008,1992/2/10
1992-03-09T00:00:00Z,3,13.097846,1992/3/9
1992-04-09T00:00:00Z,4,76.64944,1992/4/9
1992-05-09T00:00:00Z,5,20.256767,1992/5/9
1992-06-09T00:00:00Z,6,9.100949,1992/6/9
1992-07-09T00:00:00Z,7,10.640544,1992/7/9
1992-08-09T00:00:00Z,8,20.143864,1992/8/9
1992-09-09T00:00:00Z,9,18.993511,1992/9/9
1992-10-09T00:00:00Z,10,44.5887,1992/10/9
1992-11-09T00:00:00Z,11,138.25888,1992/11/9
1992-12-09T00:00:00Z,12,262.33307,1992/12/9
1993-01-09T00:00:00Z,1,96.53588,1993/1/9
1993-02-09T00:00:00Z,2,96.96092,1993/2/9
1993-03-09T00:00:00Z,3,137.1469,1993/3/9
1993-04-09T00:00:00Z,4,41.63543,1993/4/9
1993-05-09T00:00:00Z,5,8.727295,1993/5/9
1993-06-09T00:00:00Z,6,4.502426,1993/6/9
1993-07-09T00:00:00Z,7,8.859348,1993/7/9
1993-08-09T00:00:00Z,8,11.9541855,1993/8/9
1993-09-09T00:00:00Z,9,7.3973517,1993/9/9
1993-10-09T00:00:00Z,10,36.871006,1993/10/9
1993-11-09T00:00:00Z,11,52.668674,1993/11/9
1993-12-09T00:00:00Z,12,43.14783,1993/12/9
1994-01-09T00:00:00Z,1,133.25763,1994/1/9
1994-02-09T00:00:00Z,2,116.95476,1994/2/9
1994-03-09T00:00:00Z,3,42.046585,1994/3/9
1994-04-09T00:00:00Z,4,56.74051,1994/4/9
1994-05-09T00:00:00Z,5,10.639696,1994/5/9
1994-06-09T00:00:00Z,6,3.6046875,1994/6/9
1994-07-09T00:00:00Z,7,2.2367983,1994/7/9
1994-08-09T00:00:00Z,8,4.179333,1994/8/9
1994-09-09T00:00:00Z,9,19.868496,1994/9/9
1994-10-09T00:00:00Z,10,21.775946,1994/10/9
1994-11-09T00:00:00Z,11,190.58261,1994/11/9
1994-12-09T00:00:00Z,12,133.90019,1994/12/9
1995-01-09T00:00:00Z,1,61.49213,1995/1/9
1995-02-09T00:00:00Z,2,69.541855,1995/2/9
1995-03-09T00:00:00Z,3,55.071815,1995/3/9
1995-04-09T00:00:00Z,4,15.823865,1995/4/9
1995-05-09T00:00:00Z,5,7.273452,1995/5/9
1995-06-09T00:00:00Z,6,3.0389009,1995/6/9
1995-07-09T00:00:00Z,7,4.965498,1995/7/9
1995-08-09T00:00:00Z,8,8.639223,1995/8/9
1995-09-09T00:00:00Z,9,14.2087,1995/9/9
1995-10-09T00:00:00Z,10,52.722176,1995/10/9
1995-11-09T00:00:00Z,11,40.784973,1995/11/9
1995-12-09T00:00:00Z,12,126.56552,1995/12/9
1996-01-09T00:00:00Z,1,73.05115,1996/1/9
1996-02-09T00:00:00Z,2,33.096264,1996/2/9
1996-03-08T00:00:00Z,3,121.19757,1996/3/8
1996-04-08T00:00:00Z,4,52.58844,1996/4/8
1996-05-08T00:00:00Z,5,15.308951,1996/5/8
1996-06-08T00:00:00Z,6,8.556505,1996/6/8
1996-07-08T00:00:00Z,7,2.4116893,1996/7/8
1996-08-08T00:00:00Z,8,31.443462,1996/8/8
1996-09-08T00:00:00Z,9,1.7239978,1996/9/8
1996-10-08T00:00:00Z,10,29.232384,1996/10/8
1996-11-08T00:00:00Z,11,156.99318,1996/11/8
1996-12-08T00:00:00Z,12,49.4998,1996/12/8
1997-01-08T00:00:00Z,1,39.127853,1997/1/8
1997-02-08T00:00:00Z,2,154.88719,1997/2/8
1997-03-08T00:00:00Z,3,156.91164,1997/3/8
1997-04-08T00:00:00Z,4,112.605385,1997/4/8
1997-05-08T00:00:00Z,5,42.96599,1997/5/8
1997-06-08T00:00:00Z,6,19.151655,1997/6/8
1997-07-08T00:00:00Z,7,2.5649061,1997/7/8
1997-08-08T00:00:00Z,8,4.892374,1997/8/8
1997-09-08T00:00:00Z,9,37.66503,1997/9/8
1997-10-08T00:00:00Z,10,65.68413,1997/10/8
1997-11-08T00:00:00Z,11,205.5234,1997/11/8
1997-12-08T00:00:00Z,12,36.709312,1997/12/8
1998-01-08T00:00:00Z,1,221.22018,1998/1/8
1998-02-08T00:00:00Z,2,184.15028,1998/2/8
1998-03-08T00:00:00Z,3,124.69711,1998/3/8
1998-04-08T00:00:00Z,4,74.704765,1998/4/8
1998-05-08T00:00:00Z,5,51.2376,1998/5/8
1998-06-08T00:00:00Z,6,21.059843,1998/6/8
1998-07-08T00:00:00Z,7,4.4979343,1998/7/8
1998-08-08T00:00:00Z,8,5.0549617,1998/8/8
1998-09-08T00:00:00Z,9,2.9920506,1998/9/8
1998-10-08T00:00:00Z,10,14.976482,1998/10/8
1998-11-08T00:00:00Z,11,48.320072,1998/11/8
1998-12-08T00:00:00Z,12,48.200657,1998/12/8
1999-01-08T00:00:00Z,1,57.672234,1999/1/8
1999-02-08T00:00:00Z,2,187.66577,1999/2/8
1999-03-08T00:00:00Z,3,85.56293,1999/3/8
1999-04-08T00:00:00Z,4,27.904442,1999/4/8
1999-05-08T00:00:00Z,5,12.222917,1999/5/8
1999-06-08T00:00:00Z,6,6.217531,1999/6/8
1999-07-08T00:00:00Z,7,3.9071465,1999/7/8
1999-08-08T00:00:00Z,8,4.440487,1999/8/8
1999-09-08T00:00:00Z,9,5.6254196,1999/9/8
1999-10-08T00:00:00Z,10,2.9317575,1999/10/8
1999-11-08T00:00:00Z,11,12.685188,1999/11/8
1999-12-08T00:00:00Z,12,319.54245,1999/12/8
2000-01-08T00:00:00Z,1,54.964287,2000/1/8
2000-02-08T00:00:00Z,2,63.785915,2000/2/8
2000-03-07T00:00:00Z,3,122.51305,2000/3/7
2000-04-07T00:00:00Z,4,16.726871,2000/4/7
2000-05-07T00:00:00Z,5,10.718008,2000/5/7
2000-06-07T00:00:00Z,6,22.63352,2000/6/7
2000-07-07T00:00:00Z,7,6.6510754,2000/7/7
2000-08-07T00:00:00Z,8,11.184278,2000/8/7
2000-09-07T00:00:00Z,9,5.21338,2000/9/7
2000-10-07T00:00:00Z,10,16.01226,2000/10/7
2000-11-07T00:00:00Z,11,54.694347,2000/11/7
2000-12-07T00:00:00Z,12,131.6792,2000/12/7
2001-01-07T00:00:00Z,1,262.9569,2001/1/7
2001-02-07T00:00:00Z,2,110.30448,2001/2/7
2001-03-07T00:00:00Z,3,76.45277,2001/3/7
2001-04-07T00:00:00Z,4,52.603172,2001/4/7
2001-05-07T00:00:00Z,5,24.26144,2001/5/7
2001-06-07T00:00:00Z,6,8.110607,2001/6/7
2001-07-07T00:00:00Z,7,10.551867,2001/7/7
2001-08-07T00:00:00Z,8,7.1457167,2001/8/7
2001-09-07T00:00:00Z,9,1.69749,2001/9/7
2001-10-07T00:00:00Z,10,28.691133,2001/10/7
2001-11-07T00:00:00Z,11,183.82434,2001/11/7
2001-12-07T00:00:00Z,12,52.95965,2001/12/7
2002-01-07T00:00:00Z,1,177.85742,2002/1/7
2002-02-07T00:00:00Z,2,56.689503,2002/2/7
2002-03-07T00:00:00Z,3,36.81296,2002/3/7
2002-04-07T00:00:00Z,4,60.591164,2002/4/7
2002-05-07T00:00:00Z,5,21.441967,2002/5/7
2002-06-07T00:00:00Z,6,5.65823,2002/6/7
2002-07-07T00:00:00Z,7,5.8691134,2002/7/7
2002-08-07T00:00:00Z,8,3.0659606,2002/8/7
2002-09-07T00:00:00Z,9,6.3789015,2002/9/7
2002-10-07T00:00:00Z,10,3.886798,2002/10/7
2002-11-07T00:00:00Z,11,88.21095,2002/11/7
2002-12-07T00:00:00Z,12,22.77076,2002/12/7
2003-01-07T00:00:00Z,1,49.127678,2003/1/7
2003-02-07T00:00:00Z,2,19.621557,2003/2/7
2003-03-07T00:00:00Z,3,23.893213,2003/3/7
2003-04-07T00:00:00Z,4,40.179756,2003/4/7
2003-05-07T00:00:00Z,5,61.29383,2003/5/7
2003-06-07T00:00:00Z,6,57.222855,2003/6/7
2003-07-07T00:00:00Z,7,2.974299,2003/7/7
2003-08-07T00:00:00Z,8,12.660154,2003/8/7
2003-09-07T00:00:00Z,9,13.098069,2003/9/7
2003-10-07T00:00:00Z,10,18.672323,2003/10/7
2003-11-07T00:00:00Z,11,65.98489,2003/11/7
2003-12-07T00:00:00Z,12,74.44896,2003/12/7
2004-01-07T00:00:00Z,1,258.88028,2004/1/7
2004-02-07T00:00:00Z,2,124.809525,2004/2/7
2004-03-06T00:00:00Z,3,51.157757,2004/3/6
2004-04-06T00:00:00Z,4,57.07329,2004/4/6
2004-05-06T00:00:00Z,5,22.462673,2004/5/6
2004-06-06T00:00:00Z,6,10.126159,2004/6/6
2004-07-06T00:00:00Z,7,9.107978,2004/7/6
2004-08-06T00:00:00Z,8,8.065366,2004/8/6
2004-09-06T00:00:00Z,9,5.0022154,2004/9/6
2004-10-06T00:00:00Z,10,10.784641,2004/10/6
2004-11-06T00:00:00Z,11,55.97651,2004/11/6
2004-12-06T00:00:00Z,12,87.40952,2004/12/6
2005-01-06T00:00:00Z,1,149.91699,2005/1/6
2005-02-06T00:00:00Z,2,73.994514,2005/2/6
2005-03-06T00:00:00Z,3,67.03002,2005/3/6
2005-04-06T00:00:00Z,4,31.19823,2005/4/6
2005-05-06T00:00:00Z,5,46.408207,2005/5/6
2005-06-06T00:00:00Z,6,3.6889935,2005/6/6
2005-07-06T00:00:00Z,7,4.1771545,2005/7/6
2005-08-06T00:00:00Z,8,9.856502,2005/8/6
2005-09-06T00:00:00Z,9,10.326519,2005/9/6
2005-10-06T00:00:00Z,10,24.645578,2005/10/6
2005-11-06T00:00:00Z,11,49.922993,2005/11/6
2005-12-06T00:00:00Z,12,36.36309,2005/12/6
2006-01-06T00:00:00Z,1,86.36625,2006/1/6
2006-02-06T00:00:00Z,2,113.62458,2006/2/6
2006-03-06T00:00:00Z,3,26.695774,2006/3/6
2006-04-06T00:00:00Z,4,12.013755,2006/4/6
2006-05-06T00:00:00Z,5,6.198945,2006/5/6
2006-06-06T00:00:00Z,6,4.616548,2006/6/6
2006-07-06T00:00:00Z,7,1.6402144,2006/7/6
2006-08-06T00:00:00Z,8,2.1146593,2006/8/6
2006-09-06T00:00:00Z,9,10.337303,2006/9/6
2006-10-06T00:00:00Z,10,78.29347,2006/10/6
2006-11-06T00:00:00Z,11,54.67972,2006/11/6
2006-12-06T00:00:00Z,12,133.52663,2006/12/6
2007-01-06T00:00:00Z,1,144.78386,2007/1/6
2007-02-06T00:00:00Z,2,145.80043,2007/2/6
2007-03-06T00:00:00Z,3,67.07455,2007/3/6
2007-04-06T00:00:00Z,4,17.937452,2007/4/6
2007-05-06T00:00:00Z,5,10.509844,2007/5/6
2007-06-06T00:00:00Z,6,1.9883199,2007/6/6
2007-07-06T00:00:00Z,7,2.9543033,2007/7/6
2007-08-06T00:00:00Z,8,3.2997344,2007/8/6
2007-09-06T00:00:00Z,9,13.072786,2007/9/6
2007-10-06T00:00:00Z,10,47.16519,2007/10/6
2007-11-06T00:00:00Z,11,64.27431,2007/11/6
2007-12-06T00:00:00Z,12,72.1376,2007/12/6
2008-01-06T00:00:00Z,1,229.07066,2008/1/6
2008-02-06T00:00:00Z,2,189.98024,2008/2/6
2008-03-05T00:00:00Z,3,161.95906,2008/3/5
2008-04-05T00:00:00Z,4,56.854435,2008/4/5
2008-05-05T00:00:00Z,5,46.215466,2008/5/5
2008-06-05T00:00:00Z,6,12.252552,2008/6/5
2008-07-05T00:00:00Z,7,12.147165,2008/7/5
2008-08-05T00:00:00Z,8,2.9693856,2008/8/5
2008-09-05T00:00:00Z,9,6.277076,2008/9/5
2008-10-05T00:00:00Z,10,55.278183,2008/10/5
2008-11-05T00:00:00Z,11,86.54595,2008/11/5
2008-12-05T00:00:00Z,12,431.36737,2008/12/5
2009-01-05T00:00:00Z,1,69.894485,2009/1/5
2009-02-05T00:00:00Z,2,193.46277,2009/2/5
2009-03-05T00:00:00Z,3,10.131718,2009/3/5
2009-04-05T00:00:00Z,4,9.867127,2009/4/5
2009-05-05T00:00:00Z,5,15.805301,2009/5/5
2009-06-05T00:00:00Z,6,5.4949927,2009/6/5
2009-07-05T00:00:00Z,7,4.1027126,2009/7/5
2009-08-05T00:00:00Z,8,2.223854,2009/8/5
2009-09-05T00:00:00Z,9,6.0955944,2009/9/5
2009-10-05T00:00:00Z,10,71.88628,2009/10/5
2009-11-05T00:00:00Z,11,58.17065,2009/11/5
2009-12-05T00:00:00Z,12,92.44101,2009/12/5
2010-01-05T00:00:00Z,1,138.97354,2010/1/5
2010-02-05T00:00:00Z,2,127.594124,2010/2/5
2010-03-05T00:00:00Z,3,76.27962,2010/3/5
2010-04-05T00:00:00Z,4,7.6816235,2010/4/5
2010-05-05T00:00:00Z,5,23.962406,2010/5/5
2010-06-05T00:00:00Z,6,24.710794,2010/6/5
2010-07-05T00:00:00Z,7,1.694602,2010/7/5
2010-08-05T00:00:00Z,8,11.589705,2010/8/5
2010-09-05T00:00:00Z,9,9.7209835,2010/9/5
2010-10-05T00:00:00Z,10,34.634197,2010/10/5
2010-11-05T00:00:00Z,11,85.69867,2010/11/5
2010-12-05T00:00:00Z,12,40.159363,2010/12/5
2011-01-05T00:00:00Z,1,41.627926,2011/1/5
2011-02-05T00:00:00Z,2,7.838336,2011/2/5
2011-03-05T00:00:00Z,3,34.77593,2011/3/5
2011-04-05T00:00:00Z,4,74.898186,2011/4/5
2011-05-05T00:00:00Z,5,17.521563,2011/5/5
2011-06-05T00:00:00Z,6,12.105828,2011/6/5
2011-07-05T00:00:00Z,7,5.2154813,2011/7/5
2011-08-05T00:00:00Z,8,7.411454,2011/8/5
2011-09-05T00:00:00Z,9,2.8890712,2011/9/5
2011-10-05T00:00:00Z,10,11.956287,2011/10/5
2011-11-05T00:00:00Z,11,61.00708,2011/11/5
2011-12-05T00:00:00Z,12,106.11189,2011/12/5
2012-01-05T00:00:00Z,1,30.042402,2012/1/5
2012-02-05T00:00:00Z,2,16.067335,2012/2/5
2012-03-04T00:00:00Z,3,50.678406,2012/3/4
2012-04-04T00:00:00Z,4,15.913241,2012/4/4
2012-05-04T00:00:00Z,5,7.111852,2012/5/4
2012-06-04T00:00:00Z,6,7.199966,2012/6/4
2012-07-04T00:00:00Z,7,3.7523532,2012/7/4
2012-08-04T00:00:00Z,8,6.2376323,2012/8/4
2012-09-04T00:00:00Z,9,15.956647,2012/9/4
2012-10-04T00:00:00Z,10,21.190481,2012/10/4
2012-11-04T00:00:00Z,11,14.826359,2012/11/4
2012-12-04T00:00:00Z,12,132.85298,2012/12/4
2013-01-04T00:00:00Z,1,189.48596,2013/1/4
2013-02-04T00:00:00Z,2,194.8505,2013/2/4
2013-03-04T00:00:00Z,3,92.1586,2013/3/4
2013-04-04T00:00:00Z,4,27.27112,2013/4/4
2013-05-04T00:00:00Z,5,27.942173,2013/5/4
2013-06-04T00:00:00Z,6,1.6457394,2013/6/4
2013-07-04T00:00:00Z,7,3.1867,2013/7/4
2013-08-04T00:00:00Z,8,1.984111,2013/8/4
2013-09-04T00:00:00Z,9,7.893036,2013/9/4
2013-10-04T00:00:00Z,10,19.826431,2013/10/4
2013-11-04T00:00:00Z,11,103.57304,2013/11/4
2013-12-04T00:00:00Z,12,321.67517,2013/12/4
2014-01-04T00:00:00Z,1,291.01083,2014/1/4
2014-02-04T00:00:00Z,2,183.41129,2014/2/4
2014-03-04T00:00:00Z,3,113.5394,2014/3/4
2014-04-04T00:00:00Z,4,15.550019,2014/4/4
2014-05-04T00:00:00Z,5,6.395163,2014/5/4
2014-06-04T00:00:00Z,6,1.3033905,2014/6/4
2014-07-04T00:00:00Z,7,9.68451,2014/7/4
2014-08-04T00:00:00Z,8,6.6418157,2014/8/4
2014-09-04T00:00:00Z,9,28.747795,2014/9/4
2014-10-04T00:00:00Z,10,10.581498,2014/10/4
2014-11-04T00:00:00Z,11,116.23084,2014/11/4
2014-12-04T00:00:00Z,12,115.644295,2014/12/4
2015-01-04T00:00:00Z,1,181.69377,2015/1/4
2015-02-04T00:00:00Z,2,179.43143,2015/2/4
2015-03-04T00:00:00Z,3,46.20168,2015/3/4
2015-04-04T00:00:00Z,4,33.477886,2015/4/4
2015-05-04T00:00:00Z,5,10.738385,2015/5/4
2015-06-04T00:00:00Z,6,5.2481275,2015/6/4
2015-07-04T00:00:00Z,7,2.1885378,2015/7/4
2015-08-04T00:00:00Z,8,13.207377,2015/8/4
2015-09-04T00:00:00Z,9,9.418899,2015/9/4
2015-10-04T00:00:00Z,10,40.312313,2015/10/4
2015-11-04T00:00:00Z,11,14.4534855,2015/11/4
2015-12-04T00:00:00Z,12,55.625935,2015/12/4
2016-01-04T00:00:00Z,1,9.8683815,2016/1/4
2016-02-04T00:00:00Z,2,35.294662,2016/2/4
2016-03-03T00:00:00Z,3,123.34613,2016/3/3
2016-04-03T00:00:00Z,4,56.049107,2016/4/3
2016-05-03T00:00:00Z,5,5.930725,2016/5/3
2016-06-03T00:00:00Z,6,12.444342,2016/6/3
2016-07-03T00:00:00Z,7,3.2310195,2016/7/3
2016-08-03T00:00:00Z,8,6.8132467,2016/8/3
2016-09-03T00:00:00Z,9,7.869387,2016/9/3
2016-10-03T00:00:00Z,10,29.068472,2016/10/3
2016-11-03T00:00:00Z,11,77.01974,2016/11/3
2016-12-03T00:00:00Z,12,107.619286,2016/12/3
2017-01-03T00:00:00Z,1,42.094246,2017/1/3
2017-02-03T00:00:00Z,2,56.601936,2017/2/3
2017-03-03T00:00:00Z,3,195.23024,2017/3/3
2017-04-03T00:00:00Z,4,58.20567,2017/4/3
2017-05-03T00:00:00Z,5,3.3814614,2017/5/3
2017-06-03T00:00:00Z,6,7.6727047,2017/6/3
2017-07-03T00:00:00Z,7,8.712838,2017/7/3
2017-08-03T00:00:00Z,8,8.394864,2017/8/3
2017-09-03T00:00:00Z,9,21.848585,2017/9/3
2017-10-03T00:00:00Z,10,34.076168,2017/10/3
2017-11-03T00:00:00Z,11,144.69798,2017/11/3
2017-12-03T00:00:00Z,12,285.78015,2017/12/3
2018-01-03T00:00:00Z,1,128.97348,2018/1/3
2018-02-03T00:00:00Z,2,211.40343,2018/2/3
2018-03-03T00:00:00Z,3,55.702538,2018/3/3
2018-04-03T00:00:00Z,4,22.406776,2018/4/3
2018-05-03T00:00:00Z,5,29.018372,2018/5/3
2018-06-03T00:00:00Z,6,20.396849,2018/6/3
2018-07-03T00:00:00Z,7,9.650237,2018/7/3
2018-08-03T00:00:00Z,8,10.90751,2018/8/3
2018-09-03T00:00:00Z,9,7.050754,2018/9/3
2018-10-03T00:00:00Z,10,5.951388,2018/10/3
2018-11-03T00:00:00Z,11,100.76894,2018/11/3
2018-12-03T00:00:00Z,12,118.475975,2018/12/3
